title,author,googleid,goodreads_id,start date,end date,read status,rating,pages
"Rooted: Stories of Life, Land and a Farming Revolution",Sarah Langford,5MqMEAAAQBAJ,61242234,2023/10/21,,currently-reading,0,336.0
Man and His Symbols,C.G. Jung,DkGwngEACAAJ,123632,2023/07/16,,currently-reading,0,415.0
The Hero With a Thousand Faces,Joseph Campbell,I1uFuXlvFgMC,588138,2023/01/04,,currently-reading,0,416.0
Every Man Dies Alone,Hans Fallada,FR6pDwAAQBAJ,3344411,2023/04/28,,currently-reading,0,543.0
This Changes Everything: Capitalism vs. The Climate,Naomi Klein,Vh9ICgAAQBAJ,21913812,2023/11/28,,currently-reading,0,576.0
Philosophy and Life,A.C. Grayling,4wB1rpM3aHIC,61403412,2023/05/04,,currently-reading,0,0.0
Phantoms in the Brain: Probing the Mysteries of the Human Mind,V.S. Ramachandran,TMnuNquN2RgC,31555,2023/10/05,,currently-reading,0,352.0
The Way of the World by Nicholas Bouvier (1994-01-01),Nicolas Bouvier,,129818319,2023/10/10,,currently-reading,0,0.0
More Wealth From Residential Property,Jan Somers,26bNAAAACAAJ,7017642,2023/11/17,,currently-reading,0,256.0
DJ Culture: Diskjockeys und Popkultur,Ulf Poschardt,btl8rgEACAAJ,62031986,2023/07/30,,currently-reading,0,0.0
"Love and Freedom: Transcending Monogamy and Polyamory (Diverse Sexualities, Genders, and Relationships)",Jorge N. Ferrer,wT0yEAAAQBAJ,57646688,2023/06/27,,currently-reading,0,212.0
An Artist of the Floating World,Kazuo Ishiguro,mmHhWgrCWygC,28922,2022/04/27,,currently-reading,0,206.0
Keep the Aspidistra Flying,George Orwell,IcqPEAAAQBAJ,9648,2021/05/03,,read,4,297.0
The Doors of Perception / Heaven and Hell,Aldous Huxley,h5mMb-Jbxq4C,5128,2022/01/05,2022/03/09,read,4,187.0
The Thin Red Line,James Jones,weWKAwAAQBAJ,92417,2020/06/30,2022/03/09,read,3,475.0
1984,George Orwell,kotPYEqx7kMC,40961427,2020/06/30,,read,5,298.0
Women,Charles Bukowski,nTvAJFBpuvYC,38500,2023/04/23,2023/05/03,read,3,291.0
Tender Is the Night,F. Scott Fitzgerald,rq1VDwAAQBAJ,46164,2022/01/05,2022/02/07,read,3,430.0
The Metamorphosis,Franz Kafka,CNadDwAAQBAJ,485894,2022/01/05,,read,3,201.0
The History of Philosophy,A.C. Grayling,bDJwDwAAQBAJ,41954426,2022/01/04,2022/01/16,read,5,704.0
A Little Life,Hanya Yanagihara,FGPYzwEACAAJ,22822858,2022/02/09,2022/03/03,read,3,720.0
Darkness at Noon,Arthur Koestler,AcGdAmm4_xcC,30672,2022/02/07,2022/03/15,read,3,216.0
Heart of Darkness,Joseph Conrad,2c_lltYHOywC,4900,2020/06/30,,read,5,188.0
"The Molecule of More: How a Single Chemical in Your Brain Drives Love, Sex, and Creativity—and Will Determine the Fate of the Human Race",Daniel Z. Lieberman,ngFCDwAAQBAJ,38728977,2022/08/24,2023/04/29,read,4,240.0
The Sound and the Fury,William Faulkner,p7UrAQAAIAAJ,10975,2020/06/30,,read,5,366.0
East of Eden,John Steinbeck,alaX84xlzogC,4406,2022/01/04,2022/01/16,read,5,601.0
The Narrow Road to the Deep North,Richard Flanagan,3be5BwAAQBAJ,17905709,2022/01/05,2022/03/28,read,4,467.0
Cancer Ward,Aleksandr Solzhenitsyn,E3EzrwGivL4C,254316,2022/05/04,2023/04/23,read,5,576.0
In Cold Blood,Truman Capote,NGJubhmwqfoC,168642,2022/01/05,2022/02/07,read,4,343.0
Lord Jim,Joseph Conrad,23H0nIJtLEkC,12194,2022/03/12,2022/04/06,read,4,455.0
Digital Minimalism: Choosing a Focused Life in a Noisy World,Cal Newport,S4NbDwAAQBAJ,40672036,2023/04/02,2023/04/13,read,4,302.0
Japan Story,Christopher    Harding,VVlPDwAAQBAJ,38470226,2022/03/09,2022/04/06,read,4,528.0
A Prayer for Owen Meany,John Irving,cW8Z_UfqnH4C,4473,2022/03/07,2022/05/01,read,3,637.0
Never Split the Difference: Negotiating As If Your Life Depended On It,Chris Voss,TL8CCwAAQBAJ,26156469,2023/02/19,2023/03/30,read,4,274.0
Algorithms to Live By: The Computer Science of Human Decisions,Brian Christian,xmeJCgAAQBAJ,25666050,2021/05/03,,read,4,368.0
Economics: The User's Guide: A Pelican Introduction,Ha-Joon Chang,93rAAgAAQBAJ,22232098,2022/01/09,,read,4,528.0
The Age of Surveillance Capitalism: The Fight for a Human Future at the New Frontier of Power,Shoshana Zuboff,W7ZEDgAAQBAJ,26195941,2023/02/02,2023/06/10,read,4,691.0
"Brain Energy: A Revolutionary Breakthrough in Understanding Mental Health--and Improving Treatment for Anxiety, Depression, OCD, PTSD, and More",Christopher M. Palmer,FoxlEAAAQBAJ,61129785,2023/04/27,2023/05/20,read,4,320.0
The Old Man and the Sea,Ernest Hemingway,K1cIZmFe7KoC,2165,2021/08/11,,read,3,96.0
Revolutionary Road,Richard Yates,7k7Foo4aaCUC,48328,2021/08/11,,read,5,355.0
Goodbye to All That,Robert Graves,okJ1AgAAQBAJ,55428,2020/06/30,2022/01/04,read,4,281.0
"Regeneration (Regeneration, #1)",Pat Barker,YiJOGCzq87QC,5872,2022/01/04,,read,4,256.0
"Guns, Germs, and Steel: The Fates of Human Societies",Jared Diamond,XLo9DgAAQBAJ,1842,2020/06/30,,read,3,498.0
The New Penguin History of The World,J.M. Roberts,Koj8JeOLgTcC,555926,2022/01/04,,read,5,1232.0
One Flew Over the Cuckoo's Nest,Ken Kesey,fMRcWrzMZwYC,332613,2022/01/04,,read,4,325.0
The Master and Margarita,Mikhail Bulgakov,ZSsAEAAAQBAJ,117833,2022/01/04,,read,3,372.0
Mathematics and the Imagination (Dover Books on Mathematics),Edward Kasner,-bXDAgAAQBAJ,849866,2021/04/06,2021/05/03,read,3,400.0
As I Lay Dying,William Faulkner,yqxaAAAAMAAJ,77013,2020/06/30,,read,3,288.0
The History of the Ancient World: From the Earliest Accounts to the Fall of Rome,Susan Wise Bauer,HmShg3dnLSMC,225947,2022/01/08,2023/07/04,read,4,896.0
The Songlines,Bruce Chatwin,Soc0yN78SFgC,76844,2021/02/10,,read,3,304.0
The Picture of Dorian Gray,Oscar Wilde,w9A98UIGNMAC,5297,2021/02/10,,read,5,272.0
Hell's Angels,Hunter S. Thompson,84o2ZGPzEVEC,10882,2021/02/10,,read,3,295.0
The Gulag Archipelago 1918–1956 (Abridged),Aleksandr Solzhenitsyn,T8XTswEACAAJ,70561,2021/02/10,,read,3,512.0
The Alchemist,Paulo Coelho,FzVjBgAAQBAJ,18144590,2020/06/30,,read,3,182.0
The Course of Love,Alain de Botton,od0nDwAAQBAJ,27845690,2021/02/10,,read,5,240.0
"Calm: Educate Yourself in the Art of Remaining Calm, and Learn how to Defend Yourself from Panic and Fury",The School of Life,7vL-vQAACAAJ,32486577,2021/02/10,,read,3,136.0
The Trial,Franz Kafka,M2936BxlxqEC,17690,2022/01/05,,read,4,255.0
World War II for Beginners (A WRITERS AND READERS DOCUMENTARY COMIC BOOK),Errol Selkirk,3KhZAAAAYAAJ,2758136,2023/06/20,2023/06/27,read,5,176.0
History of the Ancient World: A Global Perspective (The Great Courses),Gregory S. Aldrete,,25692796,2023/06/12,2023/06/23,read,4,24.0
Calling Bullshit: The Art of Skepticism in a Data-Driven World,Carl T. Bergstrom,w2jMDwAAQBAJ,48889983,2022/01/12,2022/09/06,read,5,336.0
One Day in the Life of Ivan Denisovich,Aleksandr Solzhenitsyn,gwnBvz8pIUMC,17125,2020/06/30,2023/03/30,read,4,182.0
A Portrait of an Artist as a Young Man,James Joyce,C_rPXanc_HAC,11301012,2022/01/04,2022/01/05,read,3,0.0
If on a Winter's Night a Traveler,Italo Calvino,R9qnfnugEOsC,374233,2022/01/14,2023/05/22,read,3,260.0
Blood Red Snow: The Memoirs of a German Soldier on the Eastern Front,Günter K. Koschorrek,_CHOAwAAQBAJ,815783,2020/06/30,2023/05/06,read,4,320.0
Fires on the Plain,Shōhei Ōoka,S_VsAQAACAAJ,64492,2022/03/24,2023/03/21,read,4,246.0
Lanark,Alasdair Gray,p6FaAAAAMAAJ,161037,2023/01/17,2023/02/19,read,4,560.0
Stoner,John  Williams,KHvRCFRnDv4C,166997,2023/02/27,2023/02/28,read,5,288.0
How We Learn: Why Brains Learn Better Than Any Machine . . . for Now,Stanislas Dehaene,zpp9zQEACAAJ,46064083,2022/05/10,2022/07/22,read,4,352.0
Steppenwolf,Hermann Hesse,jQSe1QvG4CkC,16631,2022/01/05,2022/07/09,read,3,256.0
Factotum,Charles Bukowski,LHjHsNvE0lIC,497199,2022/07/02,2022/07/09,read,3,208.0
The Magic Mountain,Thomas Mann,JuezAAAAIAAJ,88077,2022/12/07,2023/01/05,read,5,706.0
The Well-Gardened Mind: The Restorative Power of Nature,Sue Stuart-Smith,t8onEAAAQBAJ,42201448,2022/07/05,2023/01/05,read,4,352.0
Utopia,Thomas More,EZajAQAAQBAJ,18414,2023/01/03,2023/01/05,read,4,163.0
Kon-Tiki,Thor Heyerdahl,LrbDqE3BuhIC,790171,2022/12/03,2023/01/05,read,4,240.0
The Metamorphosis and Other Stories,Franz Kafka,Tad1oLd1NHUC,7723,2022/01/17,,read,3,224.0
Hollywood (Spanish Edition),Charles Bukowski,C8DgDwAAQBAJ,38505,2022/07/09,2022/08/01,read,3,320.0
"Heroes: Mortals and Monsters, Quests and Adventures (Stephen Fry's Great Mythology, #2)",Stephen Fry,4QRuDwAAQBAJ,41433634,2022/07/03,2022/12/21,read,4,415.0
"Enlightenment Now: The Case for Reason, Science, Humanism, and Progress",Steven Pinker,xn83DwAAQBAJ,35696171,2022/07/07,2022/08/01,read,4,576.0
"Mythos: The Greek Myths Retold (Stephen Fry's Great Mythology, #1)",Stephen Fry,,35074096,2022/07/03,2022/08/11,read,4,416.0
Pale Fire,Vladimir Nabokov,MIzUSDvML0kC,7805,2022/11/20,2022/12/03,read,3,246.0
How Emotions Are Made: The Secret Life of the Brain,Lisa Feldman Barrett,mA4iDgAAQBAJ,23719305,2022/06/02,2022/12/03,read,3,425.0
"Ideas: A History of Thought and Invention, from Fire to Freud",Peter Watson,CVNoJydnGAoC,408204,2022/08/05,2022/11/23,read,5,852.0
The Body: A Guide for Occupants,Bill Bryson,856DDwAAQBAJ,43582376,2022/07/03,2022/11/20,read,4,450.0
Of Time and the River: A Legend of Man's Hunger in His Youth,Thomas Wolfe,yyLmEAAAQBAJ,12451,2022/01/05,2022/11/20,read,5,896.0
"The Body Keeps the Score: Brain, Mind, and Body in the Healing of Trauma",Bessel van der Kolk,FMPdAgAAQBAJ,18693771,2022/04/06,2022/10/13,read,5,464.0
The Unwomanly Face of War: An Oral History of Women in World War II,Svetlana Alexievich,VhUTDgAAQBAJ,32905382,2022/10/03,2022/10/09,read,4,331.0
Stalingrad,Vasily Grossman,Z9FnDwAAQBAJ,42194293,2022/09/26,2022/10/03,read,4,1088.0
Matterhorn,Karl Marlantes,71tAAQAAIAAJ,6411016,2022/04/05,2022/09/26,read,5,663.0
The Boy Who Was Raised as a Dog: And Other Stories from a Child Psychiatrist's Notebook,Bruce D. Perry,WW5uDgAAQBAJ,129909,2022/08/25,2022/09/06,read,4,288.0
"A Swim in a Pond in the Rain: In Which Four Russians Give a Master Class on Writing, Reading, and Life",George Saunders,YDtYEAAAQBAJ,53487237,2022/07/12,2022/09/06,read,4,403.0
A History of the World in 100 Objects,Neil MacGregor,r3mUtaSxCncC,9553383,2022/08/24,2022/09/06,read,5,707.0
Depends What You Mean By Extremist,John Safran,JGdoDwAAQBAJ,34346697,2022/09/06,2022/09/11,read,4,304.0
Inventing the Individual: The Origins of Western Liberalism,Larry Siedentop,HA4TDgAAQBAJ,18740986,2022/11/22,2023/01/11,read,4,416.0
Butcher's Crossing,John  Williams,lIsdDAAAQBAJ,457228,2023/02/27,2023/03/12,read,4,274.0
The Brain that Changes Itself: Stories of Personal Triumph from the Frontiers of Brain Science,Norman Doidge,lbgAsJi1plwC,570172,2022/03/28,2022/07/09,read,4,427.0
Ham on Rye,Charles Bukowski,xlLZYtirey0C,38501,2022/06/27,2022/07/02,read,4,288.0
Jack Kerouac,Ann Charters,AIwEAQAAIAAJ,12387609,2023/02/16,2023/02/22,read,5,
The Laws of Human Nature,Robert Greene,0U5XDwAAQBAJ,39330937,2021/05/03,2021/08/01,read,3,624.0
Mating in Captivity: Reconciling the Erotic and the Domestic,Esther Perel,6rkkPwAACAAJ,27485,2023/01/25,2023/02/16,read,4,272.0
"Absalom, Absalom!",William Faulkner,PUh_EAAAQBAJ,373755,2022/01/16,2022/05/10,read,5,316.0
The Razor's Edge,W. Somerset Maugham,C0i7DNHNy-8C,31196,2022/03/28,2022/05/19,read,4,314.0
Naked Lunch,William S. Burroughs,MlvMaAKiobgC,7437,2023/01/30,2023/02/07,read,3,289.0
Building and Dwelling: Ethics for the City,Richard Sennett,0dDPEAAAQBAJ,22711627,2022/04/06,2022/05/19,read,3,368.0
Collapse: How Societies Choose to Fail or Succeed,Jared Diamond,jNQd9RpuJ-4C,475,2023/01/17,2023/02/04,read,4,608.0
A Room with a View,E.M. Forster,QxrGEAAAQBAJ,3087,2023/01/08,2023/01/30,read,3,119.0
Sapiens: A Brief History of Humankind,Yuval Noah Harari,B4ARBAAAQBAJ,23692271,2020/06/30,2022/05/31,read,4,512.0
"Cannery Row (Cannery Row, #1)",John Steinbeck,COWUzwEACAAJ,4799,2022/01/06,2022/05/31,read,4,181.0
Dark Emu,Bruce Pascoe,SB_xDwAAQBAJ,21401526,2021/02/10,2022/06/03,read,3,176.0
Lady Chatterley's Lover,D.H. Lawrence,pFuwEAAAQBAJ,32049,2022/06/03,2022/06/12,read,3,376.0
I Am Legend and Other Stories,Richard Matheson,qCmmvwEACAAJ,547094,2023/01/23,,read,4,317.0
Post Office,Charles Bukowski,BsA6Rlgxu-4C,40409718,2022/06/20,2022/06/26,read,3,162.0
To the Lighthouse,Virginia Woolf,iCjnJ4L363YC,59716,2022/04/10,2023/01/22,read,3,209.0
The Good Soldier Švejk,Jaroslav Hašek,tZteTHrbVjEC,7629,2022/01/05,2022/09/11,read,2,752.0
The Great Gatsby,F. Scott Fitzgerald,iXn5U2IzVH0C,4671,2022/01/16,2022/01/19,read,2,180.0
Big Sur,Jack Kerouac,QNSSDP9-BYUC,50140,2022/03/09,2022/03/15,read,2,256.0
A Handful of Dust,Evelyn Waugh,lJiCEAAAQBAJ,531262,2022/05/04,2023/01/21,read,4,308.0
Kingdom of Fear: Loathsome Secrets of a Star-Crossed Child in the Final Days of the American Century,Hunter S. Thompson,XAcldr62o8wC,108220,2022/01/06,2022/06/26,read,3,384.0
Crime and Punishment,Fyodor Dostoevsky,Tb00PitOrZMC,7144,2022/03/24,2022/06/27,read,3,671.0
To Kill a Mockingbird,Harper Lee,qiCrCQAAQBAJ,2657,2020/06/30,,read,4,323.0
Of Human Bondage,W. Somerset Maugham,r_lyEAAAQBAJ,31548,2022/03/28,2023/01/14,read,5,684.0
Behave: The Biology of Humans at Our Best and Worst,Robert M. Sapolsky,sJKoDAAAQBAJ,31170723,2022/01/12,2022/06/27,read,5,790.0
Bullshit Jobs: A Theory,David Graeber,co2RDwAAQBAJ,34466958,2022/06/29,2023/01/12,read,4,335.0
Why We Sleep: Unlocking the Power of Sleep and Dreams,Matthew Walker,ZlU3DwAAQBAJ,34466963,2021/08/01,,read,5,368.0
Infinite Jest,David Foster Wallace,9uXSayGPlgYC,6759,2022/03/17,2023/06/10,read,5,1088.0
The Cossacks,Leo Tolstoy,ulRRDwAAQBAJ,17698,2021/04/06,,read,4,161.0
Lonesome Traveller,Jack Kerouac,2HzaipxTHZ4C,247972,2021/02/10,,read,3,174.0
The First Third,Neal Cassady,x503EAAAQBAJ,6436376,2021/02/10,,read,3,222.0
A Streetcar Named Desire and Other Plays,Tennessee Williams,KzazEAAAQBAJ,51210,2021/02/10,,read,4,313.0
Do Androids Dream of Electric Sheep?,Philip K. Dick,DX5aAAAAMAAJ,36402034,2021/02/10,,read,2,258.0
Notes of a Dirty Old Man,Charles Bukowski,dYpu-5qN2swC,38502,2021/02/10,,read,4,204.0
Tales of Ordinary Madness,Charles Bukowski,immu5IDUeXcC,38503,2021/02/10,,read,2,238.0
"Holidays in Hell: In Which Our Intrepid Reporter Travels to the World's Worst Places and Asks, ""What's Funny about This?""",P.J. O'Rourke,8ELEochuwQkC,126077,2021/02/10,,read,5,272.0
A-Z Great Modern Writers,Andy Tuohy,AsabBQAAQBAJ,28964226,2021/02/10,,read,3,224.0
2001: A Space Odyssey,Arthur C. Clarke,HtDpW3qwc88C,70535,2020/06/30,,read,3,297.0
The Longest Journey,E.M. Forster,JROKDwAAQBAJ,3101,2021/02/10,,read,4,396.0
Justice: What's the Right Thing to Do?,Michael J. Sandel,wpNK0OEY0gYC,6452731,2023/01/15,2023/04/08,read,4,308.0
As I Walked Out One Midsummer Morning,Laurie Lee,DRS7AwAAQBAJ,1019332,2021/02/10,,read,4,192.0
Brighton Rock,Graham Greene,AupU4dGrst0C,48862,2021/02/10,,read,2,269.0
"Look Homeward, Angel",Thomas Wolfe,aWHrDwAAQBAJ,12448,2021/02/10,,read,3,544.0
In Patagonia,Bruce Chatwin,lwY0bsk4tTcC,79909,2021/02/10,,read,3,199.0
"Who Are You Discovering Your Real Identity (Who Are You? Series, Pt. 1)",Chris  Butler,EIhcDwAAQBAJ,4679429,2021/04/06,,read,3,473.0
"Trainspotting (Mark Renton, #2)",Irvine Welsh,Nac7DgAAQBAJ,135836,2021/02/10,,read,4,431.0
Ecstasy,Irvine Welsh,2kOV0ImUpLMC,135840,2021/02/10,,read,4,352.0
A History of Latin America,George Pendle,iBsmbQCZtrAC,1665639,2021/02/10,,read,4,272.0
Unknown Pleasures: Inside Joy Division,Peter Hook,u-1KBxY7EJ4C,15818498,2021/02/10,,read,5,416.0
Inside Out: A Personal History of Pink Floyd,Nick Mason,u6NMMQAACAAJ,265734,2021/02/10,,read,5,360.0
Flesh in Armour: A Novel (The Joseph M. Bruccoli Great War Series),Leonard Mann,idFCKA2Gso0C,4695480,2021/02/10,,read,4,349.0
For Whom the Bell Tolls,Ernest Hemingway,TdVQAQAAQBAJ,46170,2021/02/10,,read,5,471.0
Homage to Catalonia,George Orwell,Ja9fEAAAQBAJ,9646,2021/02/10,,read,4,232.0
Chip War: The Fight for the World's Most Critical Technology,Chris   Miller,fUVdEAAAQBAJ,60321447,2023/09/25,2023/10/05,read,5,464.0
Arrival and Departure,Arthur Koestler,G7SEPYMUbWMC,1714864,2021/02/10,,read,4,190.0
The Naked and the Dead,Norman Mailer,l4lZDwAAQBAJ,12467,2021/02/10,,read,5,721.0
Life and Fate,Vasily Grossman,qvi1DQAAQBAJ,88432,2021/02/10,,read,5,864.0
What Am I Doing Here?,Bruce Chatwin,GWPO75mddbYC,79908,2021/02/10,,read,5,384.0
"AI Superpowers: China, Silicon Valley, and the New World Order",Kai-Fu Lee,Xb9wDwAAQBAJ,38242135,2023/04/20,2023/10/12,read,3,255.0
The Sun Also Rises,Ernest Hemingway,BihiEAAAQBAJ,3876,2020/06/30,,read,3,189.0
This One Wild and Precious Life: A Hopeful Path Forward in a Fractured World,Sarah Wilson,6WvqDwAAQBAJ,54112488,2021/02/10,,read,4,368.0
Animal Farm,George Orwell,zsF8xwh6N_MC,170448,2020/06/30,,read,5,128.0
Brave New World,Aldous Huxley,TIJ5EAAAQBAJ,5129,2020/06/30,,read,5,268.0
Catch-22,Joseph Heller,Xfze51E7TEoC,168668,2020/06/30,,read,5,453.0
I Will Teach You to Be Rich: No Guilt. No Excuses. No BS. Just a 6-Week Program That Works,Ramit Sethi,DvSlDwAAQBAJ,40591670,2023/11/07,2023/12/08,read,4,352.0
A Farewell to Arms,Ernest Hemingway,Z-FSAgAAQBAJ,10799,2020/06/30,,read,4,293.0
Notes from Underground,Fyodor Dostoevsky,mtcKAQAAMAAJ,49455,2020/06/30,,read,4,136.0
All Quiet on the Western Front,Erich Maria Remarque,Ubk7YzNZGQUC,355697,2020/06/30,,read,4,296.0
The Psychology of Money,Morgan Housel,5HrrDwAAQBAJ,41881472,2023/10/05,2023/11/16,read,4,252.0
Storm of Steel,Ernst Jünger,q-LjDQAAQBAJ,240485,2020/06/30,,read,5,289.0
The Rum Diary,Hunter S. Thompson,c5tMZGbhCkEC,18864,2020/06/30,,read,5,224.0
The Beach,Alex Garland,mSZDPuxde6QC,607639,2020/06/30,,read,5,436.0
Principles For Dealing With the Changing World Order: Why Nations Succeed and Fail,Ray Dalio,AifhDwAAQBAJ,52962238,2023/10/05,2023/11/14,read,4,576.0
"The Handmaid’s Tale (The Handmaid's Tale, #1)",Margaret Atwood,4QXnYRaBUFAC,38447,2020/06/30,,read,3,314.0
Attention Factory: The Story of TikTok & China’s ByteDance,Matthew  Brennan,BewAzgEACAAJ,55666294,2023/10/08,2023/11/05,read,3,304.0
The Grapes of Wrath,John Steinbeck,TdhaZ6xEaBYC,18114322,2020/06/30,,read,5,479.0
Slaughterhouse-Five,Kurt Vonnegut Jr.,Gc_SLksZVB4C,4981,2020/06/30,,read,3,275.0
We,Yevgeny Zamyatin,-RSyEAAAQBAJ,76171,2020/06/30,,read,3,226.0
"Valley of Genius: The Uncensored History of Silicon Valley (As Told by the Hackers, Founders, and Freaks Who Made It Boom)",Adam  Fisher,HUc5DwAAQBAJ,36382335,2023/09/28,2023/10/22,read,4,512.0
Fahrenheit 451,Ray Bradbury,OYtkbGl2j0sC,13079982,2020/06/30,,read,5,194.0
The Catcher in the Rye,J.D. Salinger,mZunDwAAQBAJ,5107,2020/06/30,,read,4,234.0
The Forgotten Soldier,Guy Sajer,_8QUlpa3O4EC,102305,2020/06/30,,read,5,465.0
The Idiot,Fyodor Dostoevsky,5fyuj9x9UZIC,12505,2020/06/30,,read,3,667.0
Lolita,Vladimir Nabokov,S0lVyYcw8tsC,7604,2020/06/30,,read,3,368.0
Junky,William S. Burroughs,2CvEs2xybZ4C,23940,2020/06/30,,read,3,166.0
The Motorcycle Diaries: Notes on a Latin American Journey,Ernesto Che Guevara,1zYGEAAAQBAJ,172732,2021/02/10,,read,3,175.0
The Road,Cormac McCarthy,fwMuvZo1HEAC,6288,2020/06/30,,read,4,241.0
The Stand,Stephen King,UbfnTcmkaKkC,149267,2021/02/10,,read,5,1152.0
The Communist Manifesto,Karl Marx,5BpiEAAAQBAJ,30474,2021/02/10,,read,2,288.0
The Road to Wigan Pier,George Orwell,Sq9fEAAAQBAJ,30553,2021/02/10,,read,4,215.0
Man's Search for Meaning,Viktor E. Frankl,RMqMDQAAQBAJ,4069,2021/02/10,,read,4,165.0
The Sorrow Of War: A Novel of North Vietnam,Bảo Ninh,ZKBIfMLVMHsC,780889,2021/02/10,,read,5,233.0
The Consolation of Philosophy,Boethius,X5UoAwAAQBAJ,31837,2022/01/05,2022/09/06,read,3,155.0
"The Age of Reason (Roads to Freedom, #1)",Jean-Paul Sartre,SjUQeFHY2_4C,10034,2021/02/10,,read,1,416.0
The Plague,Albert Camus,7_Blv5sqceoC,11989,2022/01/05,2023/08/16,read,3,308.0
No Excuses: Existentialism and the Meaning of Life,Robert C. Solomon,8tVSPgAACAAJ,25517245,2023/07/30,2023/08/20,read,4,13.0
Hiroshima,John Hersey,SIiVDwAAQBAJ,27323,2022/01/05,2023/08/21,read,4,152.0
The Motivation Manifesto: 9 Declarations to Claim Your Personal Power,Brendon Burchard,C3_EBQAAQBAJ,22891629,2021/02/10,,read,4,236.0
"Zen and the Art of Motorcycle Maintenance: An Inquiry Into Values (Phaedrus, #1)",Robert M. Pirsig,M69poeV1UhoC,629,2021/02/10,,read,4,540.0
The Consolations of Philosophy,Alain de Botton,e5b5GrNtMrQC,23419,2021/02/10,,read,5,265.0
Waiting For The Man: Story of Drugs and Popular Music,Harry Shapiro,h8s4AQAAIAAJ,2214668,2021/02/10,,read,5,256.0
The Utopia Experiment,Dylan Evans,Bb4tBQAAQBAJ,24248053,2021/02/10,,read,5,275.0
"Reader, Come Home: The Reading Brain in a Digital World",Maryanne Wolf,Hlg_DwAAQBAJ,35887237,2023/02/11,2023/02/19,read,4,272.0
The Winter of Our Discontent,John Steinbeck,gzNVrIRJSIoC,4796,2023/08/20,2023/09/07,read,4,291.0
Mind-Body Medicine: The New Science of Optimal Health,Jason M. Satterfield,FYqMoAEACAAJ,24783723,2023/07/31,2023/09/07,read,4,
Crying in H Mart,Michelle Zauner,8HMZEAAAQBAJ,54814676,2023/09/13,2023/09/22,read,4,256.0
"If Not Now, When?",Primo Levi,qd0nDwAAQBAJ,136096,2023/01/12,2023/09/06,read,4,331.0
Down and Out in Paris and London,George Orwell,HpAREAAAQBAJ,393199,2021/02/10,,read,5,213.0
No Country for Old Men,Cormac McCarthy,pd0ZLJDu96MC,12497,2023/09/06,2023/09/13,read,4,309.0
The Adventures of Huckleberry Finn,Mark Twain,s9q60rLUbRcC,2956,2020/06/30,,read,3,327.0
Venus in Furs,Leopold von Sacher-Masoch,NfWjAwAAQBAJ,427354,2021/02/10,,read,3,160.0
On Identity,Stan Grant,J6PMDwAAQBAJ,43699540,2021/02/10,,read,4,95.0
Silk Roads,Peter Frankopan,M1FFCQAAQBAJ,25812847,2023/06/27,2023/09/25,read,5,636.0
Frankenstein: The 1818 Text,Mary Wollstonecraft Shelley,bWOuDgAAQBAJ,35031085,2020/06/30,,read,3,260.0
Religion for Atheists: A Non-Believer's Guide to the Uses of Religion,Alain de Botton,Qf3eWWmWFsQC,12576334,2021/02/10,,read,4,320.0
"Thinking, Fast and Slow",Daniel Kahneman,oV1tXT3HigoC,11468377,2020/06/30,,read,5,499.0
The Dharma Bums,Jack Kerouac,-oBPEAAAQBAJ,412732,2021/03/30,,read,5,244.0
The Story of Human Language,John McWhorter,0eE0mgEACAAJ,3328218,2023/07/16,2023/07/23,read,4,19.0
On the Road,Jack Kerouac,jb_yfcu8KwUC,70401,2021/03/30,,read,5,307.0
Thirst for Love,Yukio Mishima,1YbeTHJDKykC,62801,2021/02/10,,read,2,200.0
All Things Shining: Reading the Western Classics to Find Meaning in a Secular Age,Hubert L. Dreyfus,7vS2y-mQmpAC,10087892,2023/04/17,2023/07/27,read,3,272.0
Existentialism is a Humanism,Jean-Paul Sartre,IfNqvQXbuk8C,51985,2021/02/10,,read,4,122.0
The Stranger,Albert Camus,35VcAAAAMAAJ,49552,2020/06/30,,read,3,159.0
Chickenhawk,Robert Mason,kYPC4HqsCLwC,63699,2022/10/06,2023/07/23,read,4,512.0
"Dune (Dune, #1)",Frank Herbert,q_5WzQEACAAJ,44767458,2021/02/10,,read,3,658.0
The Myth of Mental Illness: Foundations of a Theory of Personal Conduct,Thomas Szasz,oXebZQZwLHYC,706525,2021/02/10,,read,3,320.0
Of Mice and Men,John Steinbeck,09wCs_QXKXkC,890,2021/02/10,,read,4,107.0
"Blood Meridian, or, the Evening Redness in the West",Cormac McCarthy,s-QzccStux4C,394535,2023/09/22,2023/10/02,read,4,351.0
Nausea,Jean-Paul Sartre,CGbBbtDOZbwC,298275,2021/02/10,,read,1,178.0
Cognitive Behavioral Therapy: Techniques for Retraining Your Brain,Jason M. Satterfield,74QBswEACAAJ,39067892,2023/07/16,2023/07/24,read,4,
A Brief History of Time,Stephen Hawking,F-nMoNVrkXgC,3869,2020/06/30,,to-read,0,226.0
"Tropic of Cancer (Tropic, #1)",Henry Miller,A_CftAEACAAJ,249,2020/06/30,,to-read,0,318.0
The Good Soldier,Ford Madox Ford,tQIjDgAAQBAJ,7628,2022/01/05,,to-read,0,368.0
Manufacturing Consent: The Political Economy of the Mass Media,Edward S. Herman,Kv_-bvCqgrEC,12617,2022/01/05,,to-read,0,412.0
Thus Spake Zarathustra A book for all and none,Friedrich Nietzsche,5IURAAAAYAAJ,18682791,2022/01/05,,to-read,0,289.0
Metaphors We Live By,George Lakoff,r6nOYYtxzUoC,34459,2022/06/26,,to-read,0,276.0
Neither Here nor There: Travels in Europe,Bill Bryson,woLPCwAAQBAJ,27,2020/06/30,,to-read,0,254.0
"The Hitchhiker's Guide to the Galaxy (The Hitchhiker's Guide to the Galaxy, #1)",Douglas Adams,f1UqAQAAIAAJ,386162,2020/06/30,,to-read,0,193.0
Freakonomics: A Rogue Economist Explores the Hidden Side of Everything,Steven D. Levitt,Cta5AAAAIAAJ,1202,2020/06/30,,to-read,0,268.0
Into the Wild,Jon Krakauer,iI79W-URQTIC,1845,2020/06/30,,to-read,0,203.0
American Psycho,Bret Easton Ellis,1fMSEAFJanAC,28676,2020/06/30,,to-read,0,399.0
Blue Like Jazz: Nonreligious Thoughts on Christian Spirituality (Paperback),Donald Miller,fNC3fdxYgZMC,7214,2022/01/05,,to-read,0,243.0
Perfume: The Story of a Murderer,Patrick Süskind,6iRhEAAAQBAJ,343,2020/06/30,,to-read,0,263.0
The Road to Reality: A Complete Guide to the Laws of the Universe,Roger Penrose,VWTNCwAAQBAJ,10638,2022/08/24,,to-read,0,1099.0
Oliver Twist,Charles Dickens,NJ06DAAAQBAJ,18254,2020/06/30,,to-read,0,608.0
Braiding Sweet Grass,Umes Santilal,,54684590,2022/06/16,,to-read,0,323.0
Empires of the Word: A Language History of the World,Nicholas Ostler,Mz2kxr6v2X4C,166433,2022/06/28,,to-read,0,615.0
"Foundation (Foundation, #1)",Isaac Asimov,fopm15fLHTIC,29579,2020/06/30,,to-read,0,244.0
Black Rednecks and White Liberals,Thomas Sowell,gMLieJOtWwIC,3040,2022/07/29,,to-read,0,372.0
The Kite Runner,Khaled Hosseini,KUMIEAAAQBAJ,77203,2020/06/30,,to-read,0,371.0
Emotions Revealed: Recognizing Faces and Feelings to Improve Communication and Emotional Life,Paul Ekman,erezxdskdWoC,156462,2022/08/27,,to-read,0,304.0
I Think You'll Find It's a Bit More Complicated Than That,Ben Goldacre,hdZzAwAAQBAJ,23132200,2022/09/06,,to-read,0,400.0
The Righteous Mind: Why Good People Are Divided by Politics and Religion,Jonathan Haidt,y9-GG5gPzgwC,11324722,2022/09/06,,to-read,0,419.0
Capital in the Twenty First Century,Thomas Piketty,PNcuDwAAQBAJ,18736925,2022/07/04,,to-read,0,685.0
The Art of Statistics: How to Learn from Data,David Spiegelhalter,4qWFDwAAQBAJ,43722897,2022/08/24,,to-read,0,448.0
A Clockwork Orange,Anthony Burgess,qUI8pbpCNJUC,41817486,2020/06/30,,to-read,0,240.0
The Story of Australia's People Volume 2: The Rise and Rise of a New Australia,Geoffrey Blainey,oE1LAAAAMAAJ,32823970,2022/05/27,,to-read,0,0.0
One Hundred Years of Solitude,Gabriel García Márquez,RyGVAgAAQBAJ,320,2022/01/05,,to-read,0,417.0
Song of the Crocodile,Nardi Simpson,Zl_SDwAAQBAJ,53255180,2022/04/27,,to-read,0,448.0
Convenience Store Woman,Sayaka Murata,5oFjDwAAQBAJ,38357895,2022/04/27,,to-read,0,163.0
"The Penguin History of Modern China: The Fall and Rise of a Great Power, 1850-2008",Jonathan Fenby,vq7tAAAAMAAJ,3392511,2022/04/27,,to-read,0,768.0
Cat's Cradle,Kurt Vonnegut Jr.,OQ4PAQAAMAAJ,135479,2022/01/08,,to-read,0,179.0
How the Internet Happened: From Netscape to the iPhone,Brian  McCullough,9mxSDwAAQBAJ,38212134,2022/04/20,,to-read,0,384.0
The Man Without Qualities,Robert Musil,jEKtDQAAQBAJ,527756,2022/04/19,,to-read,0,1774.0
The World According to Garp,John Irving,fPpi4XAQ9iQC,7069,2022/04/10,,to-read,0,610.0
Labyrinths: Selected Stories & Other Writings,Jorge Luis Borges,zucSAAAAYAAJ,17717,2022/04/10,,to-read,0,260.0
Dialectic of Enlightenment: Philosophical Fragments,Theodor W. Adorno,l-75zLjGlZQC,85812,2022/01/08,,to-read,0,304.0
To Die in Spring,Ralf Rothmann,OzYkDwAAQBAJ,33790018,2022/04/06,,to-read,0,208.0
The Curious Incident of the Dog in the Night-Time,Mark Haddon,CS_-AwAAQBAJ,1618,2022/04/05,,to-read,0,226.0
"Deadly Quiet City: Stories From Wuhan, COVID Ground Zero",Murong Xuecun,36VjEAAAQBAJ,60590432,2022/04/04,,to-read,0,320.0
Maps of Meaning: The Architecture of Belief,Jordan B. Peterson,jp2Z5BW2AF8C,2218102,2022/01/05,,to-read,0,564.0
Humankind: A Hopeful History,Rutger Bregman,R7rEDwAAQBAJ,52879286,2022/01/12,,to-read,0,462.0
"How to Solve It: A New Aspect of Mathematical Method (Princeton Science Library, 34)",G. Pólya,X3xsgXjTGgoC,192221,2022/01/12,,to-read,0,288.0
Arrow in the Blue,Arthur Koestler,8iX4Xqs18XEC,196353,2022/03/28,,to-read,0,416.0
The God Delusion,Richard Dawkins,emE7DAAAQBAJ,14743,2022/03/28,,to-read,0,374.0
Alice's Adventures in Wonderland / Through the Looking-Glass,Lewis Carroll,s_aeCgAAQBAJ,24213,2022/03/28,,to-read,0,239.0
Wild Policy: Indigeneity and the Unruly Logics of Intervention (Anthropology of Policy),Tess Lea,epYTyAEACAAJ,52978240,2022/01/12,,to-read,0,
The Tin Drum,Günter Grass,6losDwAAQBAJ,35743,2022/01/14,,to-read,0,580.0
Straight and Crooked Thinking,Robert H. Thouless,XR-aswEACAAJ,11577463,2022/01/16,,to-read,0,174.0
Lord of the Flies,William Golding,VUO8AAAAIAAJ,7624,2022/03/19,,to-read,0,182.0
Wake in Fright,Kenneth Cook,n_c0DwAAQBAJ,1533656,2022/01/16,,to-read,0,174.0
Books That Made Us: The Companion to the ABC TV Series,Carl  Reinecke,XX8sEAAAQBAJ,59145276,2022/04/27,,to-read,0,368.0
Schindler's List,Thomas Keneally,Yfj1DwAAQBAJ,375013,2022/01/08,,to-read,0,429.0
Beyond Good and Evil,Friedrich Nietzsche,LHTKIY4Id1AC,12321,2022/05/04,,to-read,0,240.0
The Count of Monte Cristo,Alexandre Dumas,6pw6DAAAQBAJ,7126,2022/01/08,,to-read,0,1276.0
The Naked Lunch,William S. Burroughs,8r4cBAAAQBAJ,3925199,2022/01/05,,to-read,0,238.0
The Rebel,Albert Camus,MaToAQAAQBAJ,11990,2022/01/05,,to-read,0,320.0
"The Fabric of the Cosmos: Space, Time, and the Texture of Reality",Brian Greene,yZujlUD1oAAC,22435,2022/01/05,,to-read,0,569.0
The Story of Australia’s People Vol. I: The Rise and Fall of Ancient Australia,Geoffrey Blainey,sWqZBgAAQBAJ,25008108,2022/05/27,,to-read,0,398.0
Dream of Reason: A History of Western Philosophy from the Greeks to the Renaissance,Anthony Gottlieb,sTkpTFNHgvIC,26530383,2022/05/21,,to-read,0,512.0
Carl Jung - Dreams and Philosophy (Biography),Biographiq,9eBtNQAACAAJ,6346824,2022/01/05,,to-read,0,56.0
Dj-Culture,Ulf Poschardt,1w4wAQAAIAAJ,740472,2022/01/05,,to-read,0,480.0
A Room of One’s Own,Virginia Woolf,O1JODwAAQBAJ,18521,2022/01/05,,to-read,0,112.0
To Engineer Is Human: The Role of Failure in Successful Design,Henry Petroski,Ua1vDwAAQBAJ,271495,2022/01/05,,to-read,0,251.0
At Swim-Two-Birds,Flann O'Brien,ahpZEAAAQBAJ,97333,2022/05/18,,to-read,0,239.0
"The Phoenix Project: A Novel About IT, DevOps, and Helping Your Business Win",Gene Kim,H6x-DwAAQBAJ,17255186,2022/01/05,,to-read,0,345.0
The Road to Oxiana,Robert Byron,EcmZtQEACAAJ,860183,2022/06/05,,to-read,0,292.0
Doctor Faustus,Thomas Mann,cpmCEAAAQBAJ,34440,2022/05/10,,to-read,0,535.0
Why Read the Classics?,Italo Calvino,pQabBQAAQBAJ,9814,2022/05/10,,to-read,0,288.0
"Rabbit, Run (Rabbit Angstrom, #1)",John Updike,uTQ9PgAACAAJ,40656712,2022/01/06,,to-read,0,337.0
The Rise and Fall of Nations: Forces of Change in the Post-Crisis World,Ruchir Sharma,RzVUCwAAQBAJ,26530331,2022/05/10,,to-read,0,480.0
"The History of Sexuality, Volume 1: An Introduction",Michel Foucault,0Mbc5eMjLpoC,1875,2022/01/08,,to-read,0,176.0
Emotional Female,Yumiko Kadota,Rw9UEAAAQBAJ,56599072,2022/05/07,,to-read,0,400.0
The Last of the Just,André Schwarz-Bart,80FcPwAACAAJ,253292,2022/05/04,,to-read,0,374.0
Tortilla Flat,John Steinbeck,ef8EAQAAIAAJ,163977,2022/05/04,,to-read,0,256.0
The Goldfinch,Donna Tartt,T2CA83gbtM8C,17333223,2022/05/04,,to-read,0,864.0
A Thousand Splendid Suns,Khaled Hosseini,K0MIEAAAQBAJ,128029,2022/01/08,,to-read,0,372.0
The Birth of Tragedy,Friedrich Nietzsche,5ck4AAAAQBAJ,2823,2022/05/04,,to-read,0,121.0
The Odyssey,Homer,3bsmCwAAQBAJ,1381,2022/01/08,,to-read,0,541.0
Feminisms: A Global History (Pelican Books),Lucy Delap,qHvNDwAAQBAJ,50742904,2022/05/10,,to-read,0,416.0
"Cities of the Red Night (The Red Night Trilogy, #1)",William S. Burroughs,uTTFont5YFsC,23944,2022/04/20,,to-read,0,332.0
The Barefoot Investor: The Only Money Guide You'll Ever Need,Scott Pape,HcicDQAAQBAJ,33121747,2023/12/09,,to-read,4,298.0
Four Thousand Weeks: Time Management for Mortals,Oliver Burkeman,l4tVEAAAQBAJ,54785515,2022/09/07,,to-read,0,273.0
"Night  (The Night Trilogy, #1)",Elie Wiesel,,1617,2023/08/30,,to-read,0,115.0
Fiasco,Stanisław Lem,xTiAAAAAIAAJ,28766,2023/08/31,,to-read,0,322.0
The Wim Hof Method: Activate Your Full Human Potential,Wim Hof,D509EAAAQBAJ,50403522,2023/09/07,,to-read,0,232.0
They Called Us Exceptional: And Other Lies That Raised Us,Prachi   Gupta,8UWoEAAAQBAJ,142601047,2023/09/13,,to-read,0,288.0
Enemy at the Gates: The Battle for Stalingrad,William Craig,Jh1ZCgAAQBAJ,435556,2023/09/16,,to-read,0,457.0
A Short History of Europe: From Pericles to Putin,Simon Jenkins,acq9wwEACAAJ,40772628,2023/09/18,,to-read,0,320.0
"Tomorrow, and Tomorrow, and Tomorrow",Gabrielle Zevin,dI1IEAAAQBAJ,58784475,2023/09/25,,to-read,0,401.0
The Shortest History of China,Linda Jaivin,rskHEAAAQBAJ,56081808,2023/10/02,,to-read,0,263.0
The Shortest History of Europe,John Hirst,h-YJBuacX-EC,6934913,2023/10/02,,to-read,0,160.0
A Little History of Economics (Little Histories),Niall Kishtainy,n808DgAAQBAJ,32622193,2023/10/02,,to-read,0,256.0
A Little History of Philosophy (Little Histories),Nigel Warburton,SGL4QPwDTVsC,11527504,2023/10/02,,to-read,0,252.0
Scattered Minds: The Origins and Healing of Attention Deficit Disorder,Gabor Maté,mP5WDwAAQBAJ,39899253,2023/08/23,,to-read,0,368.0
A Little History of Religion,Richard Holloway,xo7BDAAAQBAJ,28819132,2023/10/02,,to-read,0,256.0
Influence Empire: The Story of Tencent and China's Tech Ambition,Lulu Yilun Chen,2PutzgEACAAJ,61467835,2023/10/04,,to-read,0,320.0
Free Speech: A History from Socrates to Social Media,Jacob Mchangama,v_4xEAAAQBAJ,58293299,2023/10/04,,to-read,0,
The History of the Computer,Rachel Ignotofsky,rygxEAAAQBAJ,60111427,2023/10/04,,to-read,0,127.0
"Genius Makers: The Mavericks Who Brought AI to Google, Facebook, and the World",Cade Metz,Z1FfDwAAQBAJ,55051662,2023/10/05,,to-read,0,384.0
Human Compatible: Artificial Intelligence and the Problem of Control,Stuart Russell,_unPywEACAAJ,44767248,2023/10/05,,to-read,0,352.0
The Collapse of Complex Societies,Joseph A. Tainter,YdW5wSPJXIoC,477,2023/10/05,,to-read,0,264.0
"The Myth of the Eternal Return or, Cosmos and History",Mircea Eliade,4L0-EAAAQBAJ,28025,2023/10/05,,to-read,0,195.0
Life 3.0: Being Human in the Age of Artificial Intelligence,Max Tegmark,3_otDwAAQBAJ,34272565,2023/10/05,,to-read,0,12.0
A Thousand Brains: A New Theory of Intelligence,Jeff Hawkins,YMrvDwAAQBAJ,54503521,2023/10/05,,to-read,0,288.0
The Alignment Problem: Machine Learning and Human Values,Brian Christian,TdL2DwAAQBAJ,50489349,2023/10/05,,to-read,0,496.0
The Outsider,Colin Wilson,H9srAQAAIAAJ,67880,2023/10/05,,to-read,0,320.0
A Little History of Science,William Bynum,lOYpqlsW0gkC,13593959,2023/10/02,,to-read,0,263.0
"Debt: The First 5,000 Years",David Graeber,lliTBQAAQBAJ,6617037,2023/10/06,,to-read,0,534.0
When the Body Says No: The Cost of Hidden Stress,Gabor Maté,8hjoyCFTu6IC,450534,2023/08/23,,to-read,0,320.0
"Goodbye, Things: The New Japanese Minimalism",Fumio Sasaki,_k18DAAAQBAJ,30231806,2023/08/11,,to-read,0,259.0
Educating Eve: The Language Instinct Debate,Geoffrey Sampson,_PXeBAAAQBAJ,132473,2023/07/01,,to-read,0,160.0
Eroticism,Georges Bataille,2qdUZZLcnLYC,13256287,2023/07/03,,to-read,0,276.0
The Art of Logic in an Illogical World,Eugenia Cheng,x45nygEACAAJ,38400400,2023/07/03,,to-read,0,320.0
Set the Night on Fire,Robby Krieger,weI1EAAAQBAJ,57007682,2023/07/03,,to-read,0,422.0
Set The Night On Fire: L.A. in the Sixties,Mike  Davis,JMgtEAAAQBAJ,7863,2023/07/03,,to-read,0,800.0
Psych: The Story of the Human Mind,Paul Bloom,EHo4zwEACAAJ,61238292,2023/07/05,,to-read,0,464.0
The Mindfulness Solution: Everyday Practices for Everyday Problems,Ronald D. Siegel,ovX0tCUp6cEC,6666101,2023/07/05,,to-read,0,356.0
A Rage to Live (Modern Library Classics),John O'Hara,yaD0zwEACAAJ,503994,2023/07/07,,to-read,0,752.0
Beloved,Toni Morrison,tsBhBAAAQBAJ,6149,2023/07/08,,to-read,0,324.0
God: An Anatomy,Francesca Stavrakopoulou,99RAEAAAQBAJ,57282028,2023/07/12,,to-read,0,608.0
Islamic Empires: Fifteen Cities that Define a Civilization,Justin Marozzi,mP-EDwAAQBAJ,43078259,2023/07/12,,to-read,0,512.0
"Essays in Zen Buddhism, First Series",D.T. Suzuki,hyqGDwAAQBAJ,841446,2023/08/11,,to-read,0,388.0
"Other Minds: The Octopus, the Sea, and the Deep Origins of Consciousness",Peter Godfrey-Smith,WhQ7vgAACAAJ,28116739,2023/07/14,,to-read,0,257.0
Fatherland,Robert   Harris,beYcjDWp8pEC,56842,2023/07/15,,to-read,0,380.0
"Imperium (Cicero, #1)",Robert   Harris,HGJEZBBNEt0C,243601,2023/07/15,,to-read,0,305.0
The Power of Babel: A Natural History of Language,John McWhorter,1p64hVM40-8C,534304,2023/07/04,,to-read,0,352.0
End the Insomnia Struggle: A Step-by-Step Guide to Help You Get to Sleep and Stay Asleep,Colleen Ehrnstrom PhD  ABPP,TJARDQAAQBAJ,27214308,2023/07/18,,to-read,0,232.0
"A Theory of Everything: An Integral Vision for Business, Politics, Science and Spirituality",Ken Wilber,juxkSiDpHD0C,20708725,2023/07/22,,to-read,0,196.0
The Web of Meaning: Integrating Science and Traditional Wisdom to Find our Place in the Universe,Jeremy Lent,8bkPEAAAQBAJ,55836847,2023/07/22,,to-read,0,528.0
The Patterning Instinct: A Cultural History of Humanity's Search for Meaning,Jeremy Lent,4jbWDAAAQBAJ,31670587,2023/07/22,,to-read,0,576.0
"The Matter With Things: Our Brains, Our Delusions, and the Unmaking of the World",Iain McGilchrist,9O-pzgEACAAJ,58955313,2023/07/22,,to-read,0,1500.0
The Wayward Bus,John Steinbeck,aWiNjvfOwQ0C,78275,2023/07/26,,to-read,0,261.0
William James and The Varieties of Religious Experience: A Centenary Celebration,Jeremy Carrette,IsshdI8qMjAC,55964,2023/07/26,,to-read,0,272.0
Dr Zhivago,Nancy Stanley,,2924801,2023/08/05,,to-read,0,77.0
Peach Blossom Spring,Melissa Fu,AE0yEAAAQBAJ,58231775,2023/07/15,,to-read,0,400.0
The Real Eve: Modern Man's Journey Out of Africa,Stephen Oppenheimer,bX9E4xlY7YwC,218818,2023/06/29,,to-read,0,320.0
The Dawn of Everything: A New History of Humanity,David Graeber,X8gZEAAAQBAJ,56269264,2023/10/06,,to-read,0,692.0
The Center Cannot Hold: My Journey Through Madness,Elyn R. Saks,xnFrAwAAQBAJ,1098486,2023/10/06,,to-read,0,340.0
Intuition Pumps And Other Tools for Thinking,Daniel C. Dennett,9SduAwAAQBAJ,18378002,2023/10/21,,to-read,0,496.0
A History of Masculinity,Nathan Bracher,,57089574,2023/10/21,,to-read,0,368.0
The Bible in Australia: A Cultural History,Meredith Lake,7D4HEAAAQBAJ,39694851,2023/10/21,,to-read,0,336.0
Another Kyoto,Alex Kerr,ml5PDwAAQBAJ,32312516,2023/10/21,,to-read,0,336.0
Musashi,Eiji Yoshikawa,kl4qDwAAQBAJ,102030,2023/10/21,,to-read,0,970.0
The Socrates Express: In Search of Life Lessons from Dead Philosophers,Eric    Weiner,rFw4EAAAQBAJ,50492244,2023/10/22,,to-read,0,344.0
The Year I Met My Brain: A travel companion for adults who have just found out they have ADHD,Matilda Boseley,Wy3FEAAAQBAJ,178125057,2023/10/29,,to-read,0,433.0
A Wunch of Bankers: A Year in the Hayne Royal Commission,Daniel Ziffer,lq-HDwAAQBAJ,45015229,2023/10/31,,to-read,0,320.0
"The World for Sale: Money, Power and the Traders Who Barter the Earth’s Resources",Javier Blas,ia8gEAAAQBAJ,52199304,2023/11/04,,to-read,0,320.0
This Is How They Tell Me the World Ends: The Cyberweapons Arms Race,Nicole Perlroth,6H_dDwAAQBAJ,49247043,2023/11/04,,to-read,0,528.0
The Brain: The Story of You,David Eagleman,gUTGBwAAQBAJ,25776132,2023/11/04,,to-read,0,224.0
"50 Philosophy Classics: Thinking, Being, Acting, Seeing, Profound Insights and Powerful Thinking from Fifty Key Books (50 Classics)",Tom Butler-Bowdon,i7hjEAAAQBAJ,17087629,2023/10/21,,to-read,0,325.0
Destined for War: Can America and China Escape Thucydides’s Trap?,Graham Allison,AfYnDwAAQBAJ,31125556,2023/11/12,,to-read,0,384.0
"Tasmanian Aborigines, A History Since 1803",Lyndall Ryan,78zBuSb_HIoC,13644288,2023/11/16,,to-read,0,418.0
"The Hidden Life of Trees: What They Feel, How They Communicate: Discoveries from a Secret World",Peter Wohlleben,4ypyDwAAQBAJ,28256439,2023/11/16,,to-read,0,272.0
The Makioka Sisters,Jun'ichirō Tanizaki,8apZAAAAYAAJ,34449,2023/11/16,,to-read,0,530.0
Gestalt Therapy: Excitement and Growth in the Human Personality,Frederick Salomon Perls,zH2RzwEACAAJ,402217,2023/11/16,,to-read,0,
Against White Feminism: Notes on Disruption,Rafia Zakaria,JOUNEAAAQBAJ,55298403,2023/11/16,,to-read,0,256.0
Under Fire,Henri Barbusse,vZoqAQAAIAAJ,48176,2020/06/30,,to-read,0,318.0
On not being a Philosopher,Robert Lynd,mEYWAQAAMAAJ,36050112,2023/11/24,,to-read,0,
Hard to Be a God,Arkady Strugatsky,t22yBgAAQBAJ,759517,2023/11/25,,to-read,0,219.0
Affluenza: The All-Consuming Epidemic,John De Graaf,EYBLcNWA3z4C,48829,2023/12/10,,to-read,0,288.0
The Millionaire Next Door: The Surprising Secrets of America's Wealthy,Thomas J. Stanley,DzytDwAAQBAJ,998,2023/12/11,,to-read,0,258.0
When McKinsey Comes to Town,Walt Bogdanich,BQdlEAAAQBAJ,60644838,2023/12/13,,to-read,0,368.0
The Intelligent Investor,Benjamin Graham,-NdcCSt8t_YC,106835,2023/11/14,,to-read,0,623.0
How the Mind Works,Steven Pinker,vdr3oQEACAAJ,835623,2023/10/06,,to-read,0,660.0
"Talking to My Daughter About the Economy: or, How Capitalism Works—and How It Fails",Yanis Varoufakis,D2jYDQAAQBAJ,36490332,2023/10/21,,to-read,0,224.0
The Secret Life of Trees: How They live and Why They Matter,Colin Tudge,TSM9rACfV9gC,811596,2023/10/21,,to-read,0,452.0
NeuroTribes: The Legacy of Autism and the Future of Neurodiversity,Steve Silberman,w3XoAwAAQBAJ,22514020,2023/10/06,,to-read,0,477.0
The Man Who Mistook His Wife for a Hat and Other Clinical Tales,Oliver Sacks,OmSV5tKzvboC,63697,2023/10/06,,to-read,0,243.0
"Easy Money: Cryptocurrency, Casino Capitalism, and the Golden Age of Fraud",Ben McKenzie,mPR-EAAAQBAJ,61783837,2023/10/07,,to-read,0,304.0
"Angel: How to Invest in Technology Startups—Timeless Advice from an Angel Investor Who Turned $100,000 into $100,000,000",Jason Calacanis,GGtEDQAAQBAJ,32600757,2023/10/08,,to-read,0,288.0
Learn to Earn: A Beginner's Guide to the Basics of Investing and Business,Peter Lynch,9ejeb7Duc5cC,817589,2023/10/08,,to-read,0,272.0
Internet for the People,Ben Tarnoff,auhOEAAAQBAJ,58952557,2023/10/08,,to-read,0,192.0
"Automating Inequality: How High-Tech Tools Profile, Police, and Punish the Poor",Virginia Eubanks,pn4pDwAAQBAJ,34964830,2023/10/08,,to-read,0,260.0
A Field Guide to Lies: Critical Thinking in the Information Age,Daniel J. Levitin,wf_cCwAAQBAJ,28504537,2023/10/08,,to-read,0,292.0
"Rage Inside the Machine: The Prejudice of Algorithms, and How to Stop the Internet Making Bigots of Us All",Robert Elliott Smith,CcicDwAAQBAJ,40653223,2023/10/08,,to-read,0,344.0
The Tree of Man,Patrick White,Ski0FfGhN60C,561413,2023/10/09,,to-read,0,480.0
Voss,Patrick White,GV5DkN7vdysC,411496,2023/10/09,,to-read,0,448.0
"Wonder Boy: Tony Hsieh, Zappos, and the Myth of Happiness in Silicon Valley",Angel Au-Yeung,ZYyJEAAAQBAJ,60741801,2023/10/21,,to-read,0,384.0
Fear,Gabriel Chevallier,neUMpWOgaGIC,18373373,2023/10/09,,to-read,0,328.0
The Society of Mind,Marvin Minsky,bLDLllfRpdkC,326790,2023/10/10,,to-read,0,336.0
"All Systems Red (The Murderbot Diaries, #1)",Martha Wells,ZSu2DQAAQBAJ,32758901,2023/10/14,,to-read,0,144.0
The Structure of Scientific Revolutions,Thomas S. Kuhn,3eP5Y_OOuzwC,12864174,2023/10/14,,to-read,0,217.0
The Blind Watchmaker: Why the Evidence of Evolution Reveals a Universe Without Design,Richard Dawkins,u4d0CgAAQBAJ,117047,2023/10/14,,to-read,0,466.0
The Call of the Wild,Jack London,j0oYi3O_tvgC,1852,2023/10/14,,to-read,0,172.0
Abroad in Japan,Chris  Broad,ewuSzwEACAAJ,64645770,2023/10/15,,to-read,0,320.0
Principles: Life and Work,Ray Dalio,qNNmDwAAQBAJ,34536488,2023/10/16,,to-read,0,16.0
Build: An Unorthodox Guide to Making Things Worth Making,Tony Fadell,L7dQEAAAQBAJ,59696349,2023/10/16,,to-read,0,416.0
The Great War for Civilisation: The Conquest of the Middle East,Robert Fisk,SJHtAAAAMAAJ,52142,2023/10/21,,to-read,0,1111.0
Mushroom,Nicholas P. Money,bugqDwAAQBAJ,13029271,2023/10/21,,to-read,0,201.0
The Old Ways: A Journey on Foot,Robert Macfarlane,7AQ0tyT1w3UC,13369533,2023/10/21,,to-read,0,433.0
"Superintelligence: Paths, Dangers, Strategies",Nick Bostrom,7_H8AwAAQBAJ,20527133,2023/10/09,,to-read,0,352.0
Good Arguments: How Debate Teaches Us to Listen and Be Heard,Bo Seo,ym6vEAAAQBAJ,60018587,2022/09/07,,to-read,0,352.0
"The Psychology Book: From Shamanism to Cutting-Edge Neuroscience, 250 Milestones in the History of Psychology (Union Square & Co. Milestones)",Wade E. Pickren,3DWgEAAAQBAJ,18342769,2023/06/28,,to-read,0,528.0
"Japanese Philosophy: A Sourcebook (Nanzan Library of Asian Religion and Culture, 5)",James W. Heisig,,13239026,2023/06/23,,to-read,0,1376.0
Blockchain Chicken Farm: And Other Stories of Tech in China's Countryside,Xiaowei Wang,sCPQDwAAQBAJ,50403472,2023/01/28,,to-read,0,256.0
All the Light We Cannot See,Anthony Doerr,6nDVEAAAQBAJ,18143977,2023/01/28,,to-read,0,531.0
A New History of Western Philosophy,Anthony Kenny,PgZrpNeulMMC,8412068,2023/02/01,,to-read,0,1058.0
Waking Up: A Guide to Spirituality Without Religion,Sam Harris,l-j6ngEACAAJ,18774981,2023/02/01,,to-read,0,256.0
Slouching Towards Utopia: An Economic History of the Twentieth Century,J. Bradford DeLong,sYBXEAAAQBAJ,9283648,2023/02/02,,to-read,0,624.0
The White Hotel,D.M. Thomas,vUnx8UnwnnQC,46087,2023/02/04,,to-read,0,240.0
A History of Reading,Alberto Manguel,e_3gAAAAMAAJ,53085,2023/02/10,,to-read,0,372.0
Why Read?,Mark Edmundson,VnJ-zZ3WiAEC,821834,2023/02/10,,to-read,0,160.0
The Heart Is a Lonely Hunter,Carson McCullers,z_Pvxz9iRJ0C,37380,2023/02/11,,to-read,0,359.0
Civil Disobedience and Other Essays,Henry David Thoreau,CXlvhvSAvgYC,16900,2023/02/17,,to-read,0,188.0
Walking,Henry David Thoreau,Ht68EAAAQBAJ,227113,2023/02/17,,to-read,0,60.0
Adrift in Melbourne,Robyn Annear,pFZFEAAAQBAJ,58420959,2023/01/26,,to-read,0,288.0
Go,John Clellon Holmes,bPF3CgAAQBAJ,260785,2023/02/18,,to-read,0,352.0
The Electric Kool-Aid Acid Test,Tom Wolfe,9io09MPj55EC,7442,2023/02/22,,to-read,0,416.0
The Golden Bough,James George Frazer,lwZ-AwAAQBAJ,408862,2023/03/01,,to-read,0,880.0
Solitude: A Singular Life in a Crowded World,Michael  Harris,FzVQDAAAQBAJ,26085732,2023/03/06,,to-read,0,256.0
Harp of Burma (Tuttle Classics),Michio Takeyama,6QjRAgAAQBAJ,747651,2023/03/10,,to-read,0,132.0
The Story of Work: A New History of Humankind,Jan Lucassen,Dkk5EAAAQBAJ,57220273,2023/03/15,,to-read,0,544.0
Lead Yourself First: Inspiring Leadership Through Solitude,Raymond M. Kethledge,95yZDgAAQBAJ,31451193,2023/04/02,,to-read,0,240.0
Solitude: A Return to the Self,Anthony Storr,FJzUXr5YFD8C,120586,2023/04/02,,to-read,0,216.0
A Philosophy of Walking,Frédéric Gros,_c2UEAAAQBAJ,18339944,2023/04/02,,to-read,0,228.0
Reclaiming Conversation: The Power of Talk in a Digital Age,Sherry Turkle,POpJBgAAQBAJ,24612127,2023/04/04,,to-read,0,448.0
Exercised: Why Something We Never Evolved to Do Is Healthy and Rewarding,Daniel E. Lieberman,YkfCDwAAQBAJ,49358915,2023/04/08,,to-read,0,464.0
"The Story of the Human Body: Evolution, Health, and Disease",Daniel E. Lieberman,SPuMEAAAQBAJ,17736859,2023/04/08,,to-read,0,480.0
George Orwell: A Life,Bernard Crick,xHW-QgAACAAJ,147487,2023/02/21,,to-read,0,672.0
Underground: The Tokyo Gas Attack and the Japanese Psyche,Haruki Murakami,wTVDZcB_FnAC,17801,2023/04/09,,to-read,0,309.0
Carpentaria,Alexis Wright,ii-0zHZE29YC,633484,2023/01/26,,to-read,0,520.0
A Little History of Literature (Little Histories),John Sutherland,Uc4_AQAAQBAJ,17802957,2023/01/23,,to-read,0,276.0
Do Hard Things: Why We Get Resilience Wrong and the Surprising Science of Real Toughness,Steve Magness,cTREEAAAQBAJ,59088361,2022/09/11,,to-read,0,320.0
"How Minds Change: The Surprising Science of Belief, Opinion, and Persuasion",David McRaney,QTDkDwAAQBAJ,57933312,2022/09/11,,to-read,0,352.0
Cloudstreet,Tim Winton,gVNXcWafG9oC,343881,2022/03/28,,to-read,0,426.0
The Human Condition,Hannah Arendt,bGlwDwAAQBAJ,127227,2022/01/04,,to-read,0,349.0
Finding the Mother Tree: Discovering the Wisdom of the Forest,Suzanne Simard,Ky_5DwAAQBAJ,54976983,2022/09/22,,to-read,0,348.0
The Rise and Fall of the Neoliberal Order: America and the World in the Free Market Era,Gary Gerstle,3PJbEAAAQBAJ,58986869,2022/09/23,,to-read,0,432.0
"The Age of Revolution, 1789–1848",Eric J. Hobsbawm,sBlUPwAACAAJ,550840,2022/09/26,,to-read,0,356.0
A History of Mathematics,Carl B. Boyer,bR9HAAAAQBAJ,326148,2022/10/31,,to-read,0,736.0
"Happiness by Design: Change What You Do, Not How You Think",Paul Dolan,0_SMswEACAAJ,18667892,2022/12/17,,to-read,0,256.0
The Pale King,David Foster Wallace,09Thi9iDocUC,9443405,2022/12/30,,to-read,0,548.0
The Lucifer Effect: Understanding How Good People Turn Evil,Philip G. Zimbardo,6LUeku8YdywC,359194,2023/01/04,,to-read,0,551.0
The Way of the World,Nicolas Bouvier,mYJcAAAAMAAJ,596778,2023/01/23,,to-read,0,309.0
Gravity's Rainbow,Thomas Pynchon,GGPm4I3BbxAC,415,2023/01/08,,to-read,0,776.0
How to Read and Why,Harold Bloom,bewrMsdx1J0C,20943,2023/01/10,,to-read,0,288.0
Solaris,Stanisław Lem,kM1hAAAAMAAJ,95558,2023/01/10,,to-read,0,204.0
And Quiet Flows the Don,Mikhail Sholokhov,EOUPDQAAQBAJ,78024,2023/01/12,,to-read,0,1408.0
"I, Claudius (Claudius, #1)",Robert Graves,ZqsaAwAAQBAJ,18765,2023/01/13,,to-read,0,468.0
Modern Man in Search of a Soul,C.G. Jung,_SrfBQAAQBAJ,646175,2023/01/13,,to-read,0,244.0
On the Trail of Genghis Khan: An Epic Journey Through the Land of the Nomads,Tim Cope,XeU_AQAAQBAJ,17286667,2023/01/14,,to-read,0,528.0
Orlando,Virginia Woolf,jEmVEAAAQBAJ,18839,2023/01/14,,to-read,0,336.0
Chess Story,Stefan Zweig,DQxmAAAAMAAJ,59151,2023/01/17,,to-read,0,104.0
The God of Small Things,Arundhati Roy,0mhCpXdzLt4C,9777,2023/01/18,,to-read,0,321.0
"Index, A History of the: A Bookish Adventure from Medieval Manuscripts to the Digital Age",Dennis Duncan,_mIMEAAAQBAJ,58085251,2023/01/23,,to-read,0,343.0
The Science of Storytelling,Will Storr,G9WqDwAAQBAJ,43183121,2023/01/23,,to-read,0,144.0
Genius: A Mosaic of One Hundred Exemplary Creative Minds,Harold Bloom,oGAQAQAAIAAJ,512088,2023/01/10,,to-read,0,814.0
"A Critical History and Philosophy of Psychology: Diversity of Context, Thought, and Practice",Richard T.G. Walsh,Or4dAwAAQBAJ,18552901,2023/06/28,,to-read,0,728.0
The Brothers Karamazov,Fyodor Dostoevsky,BZvXZ1au0VcC,4934,2023/04/10,,to-read,0,796.0
Why We Drive: Toward a Philosophy of the Open Road,Matthew B. Crawford,Tz-tDwAAQBAJ,52515160,2023/04/12,,to-read,0,368.0
On Tyranny: Twenty Lessons from the Twentieth Century,Timothy Snyder,7WjYDQAAQBAJ,33917107,2023/05/05,,to-read,0,126.0
The Awakened Brain: The New Science of Spirituality and Our Quest for an Inspired Life,Lisa   Miller,Gic5EAAAQBAJ,57901800,2023/05/05,,to-read,0,272.0
"Models of the Mind: How Physics, Engineering and Mathematics Have Shaped Our Understanding of the Brain",Grace  Lindsay,-hKXzgEACAAJ,50884536,2023/05/05,,to-read,0,400.0
Lateral Thinking,Edward de Bono,OYZQcUPBbqcC,829616,2023/05/05,,to-read,0,272.0
Too Far Afield,Günter Grass,oywhAQAAIAAJ,52135974,2023/05/05,,to-read,0,
"The Rise and Triumph of the Modern Self: Cultural Amnesia, Expressive Individualism, and the Road to Sexual Revolution",Carl R. Trueman,6pf9DwAAQBAJ,50611052,2023/05/07,,to-read,0,432.0
The Divided Self: An Existential Study in Sanity and Madness,R.D. Laing,4JT-12rMtJsC,496585,2023/05/19,,to-read,0,224.0
The Act of Creation,Arthur Koestler,tJC5pDXFY8oC,30676,2023/05/20,,to-read,0,752.0
Scum of the Earth,Arthur Koestler,U_w-AQAAIAAJ,552008,2023/05/20,,to-read,0,253.0
The 1002nd Book to Read Before You Die,M.J. Nicholls,wyrQtAEACAAJ,39398648,2023/05/20,,to-read,0,218.0
The Woman in the Dunes,Kōbō Abe,RBXSswEACAAJ,9998,2023/05/26,,to-read,0,241.0
How the World Works (Real Story (Soft Skull Press)),Noam Chomsky,8oqezQEACAAJ,10728838,2023/05/04,,to-read,0,336.0
Walden Two (Hackett Classics),B.F. Skinner,lMpgDwAAQBAJ,55990,2023/05/26,,to-read,0,320.0
We Happy Few,Helen Howe,DKMLAQAAIAAJ,11756888,2023/06/01,,to-read,0,
"Wait Until Spring, Bandini (The Saga of Arturo Bandini, #1)",John Fante,,540372,2023/06/01,,to-read,0,266.0
The Shock Doctrine: The Rise of Disaster Capitalism,Naomi Klein,cpmRBAAAQBAJ,1237300,2023/06/01,,to-read,0,558.0
Re-Engineering Humanity,Brett Frischmann,0gpZDwAAQBAJ,37488328,2023/06/02,,to-read,0,410.0
"Becoming a Supple Leopard: The Ultimate Guide to Resolving Pain, Preventing Injury, and Optimizing Athletic Performance",Kelly Starrett,VOZXEAAAQBAJ,13594266,2023/06/02,,to-read,0,400.0
Built to Move: The Ten Essential Habits to Help You Move Freely and Live Fully,Kelly Starrett,Sv94EAAAQBAJ,61423854,2023/06/02,,to-read,0,336.0
The Alzheimer's Solution: A Breakthrough Program to Prevent and Reverse the Symptoms of Cognitive Decline at Every Age,Dean Sherzai,HAOXDgAAQBAJ,33991763,2023/06/02,,to-read,0,368.0
The Well-Educated Mind: A Guide to the Classical Education You Never Had,Susan Wise Bauer,YqqaCgAAQBAJ,86145,2023/06/05,,to-read,0,432.0
"Shaman: Invoking Power, Presence and Purpose at the Core of Who You Are",Ya’Acov Darling Khan,wWL6DwAAQBAJ,50419709,2023/06/09,,to-read,0,304.0
Comparative Religion,A.C. Bouquet,zQ49AAAAIAAJ,3334951,2023/06/10,,to-read,0,328.0
The Making of the Atomic Bomb,Richard Rhodes,5o70W8CR6vMC,16884,2023/06/14,,to-read,0,886.0
Social Physics: How Good Ideas Spread— The Lessons from a New Science,Alex Pentland,KAL5AgAAQBAJ,18079689,2023/05/30,,to-read,0,320.0
Meet the Frugalwoods: Achieving Financial Independence Through Simple Living,Elizabeth Willard Thames,idjWDgAAQBAJ,35068719,2023/04/12,,to-read,0,256.0
The Shortest History of England,James Hawes,JviPDwAAQBAJ,45420401,2023/05/04,,to-read,0,272.0
The Japanese: A History in Twenty Lives,Christopher    Harding,R1XODwAAQBAJ,51007678,2023/05/04,,to-read,0,528.0
The Deep History of Ourselves: The Four-Billion-Year Story of How We Got Conscious Brains,Joseph E. LeDoux,3GJjDwAAQBAJ,40910274,2023/04/13,,to-read,0,432.0
Pathfinders: The Golden Age of Arabic Science,Jim Al-Khalili,ntLEUHTXxUMC,8344770,2023/04/13,,to-read,0,336.0
"Descartes' Error: Emotion, Reason and the Human Brain",António R. Damásio,-9bcBAAAQBAJ,103867,2023/04/14,,to-read,0,336.0
The Gene: An Intimate History,Siddhartha Mukherjee,XvAsDAAAQBAJ,27276428,2023/04/14,,to-read,0,592.0
"The Triple Helix: Gene, Organism, and Environment",Richard C. Lewontin,otKbHE8OFy4C,185154,2023/04/20,,to-read,0,144.0
Biology as Ideology: The Doctrine of DNA,Richard C. Lewontin,eUWfFQQxm1EC,185153,2023/04/20,,to-read,0,128.0
Naming the Mind: How Psychology Found Its Language,Kurt Danziger,K0L8VGZAGzEC,812281,2023/04/20,,to-read,0,224.0
The Beak of the Finch: A Story of Evolution in Our Time,Jonathan Weiner,-bbh3c4ezP0C,125286,2023/04/20,,to-read,0,332.0
This Is Shakespeare,Emma  Smith,NpLdxwEACAAJ,49919215,2023/01/03,,to-read,0,368.0
Iron Gustav: A Berlin Family Chronicle,Hans Fallada,LNKJAgAAQBAJ,21087479,2023/04/28,,to-read,0,586.0
It Didn't Start with You: How Inherited Family Trauma Shapes Who We Are and How to End the Cycle,Mark Wolynn,hT1vEAAAQBAJ,26026054,2023/04/28,,to-read,0,256.0
Empire of Pain: The Secret History of the Sackler Dynasty,Patrick Radden Keefe,9HMZEAAAQBAJ,43868109,2023/05/04,,to-read,0,535.0
"Little Man, What Now?",Hans Fallada,c3mSlU_1TUAC,466354,2023/04/28,,to-read,0,384.0
The War of the World: Twentieth-Century Conflict and the Descent of the West,Niall Ferguson,UO2qQgAACAAJ,8907,2023/04/29,,to-read,0,808.0
"Altered Traits: Science Reveals How Meditation Changes Your Mind, Brain, and Body",Daniel Goleman,AdF0nQAACAAJ,34272471,2023/04/29,,to-read,0,336.0
"Burn: New Research Blows the Lid Off How We Really Burn Calories, Lose Weight, and Stay Healthy",Herman Pontzer,vUGOEAAAQBAJ,54734969,2023/04/30,,to-read,0,384.0
Good Poems for Hard Times,Garrison Keillor,I-jYzwEACAAJ,39690,2023/04/30,,to-read,0,344.0
ADHD 2.0 : New Science and Essential Strategies for Thriving with Distraction—From Childhood Through Adulthood,Edward M. Hallowell,lTW_EAAAQBAJ,53231680,2023/05/01,,to-read,0,208.0
Hackers: Heroes of the Computer Revolution,Steven Levy,JwKHDwAAQBAJ,56829,2023/05/01,,to-read,0,464.0
When Breath Becomes Air,Paul Kalanithi,fDDWDQAAQBAJ,25899336,2023/05/02,,to-read,0,208.0
Breath: The New Science of a Lost Art,James Nestor,-ZuzDwAAQBAJ,48890486,2023/05/02,,to-read,0,280.0
"Ivan's War: Life and Death in the Red Army, 1939-1945",Catherine Merridale,5glDKQEV0CMC,84571,2023/05/04,,to-read,0,462.0
Russia at War: 1941-1945,Alexander Werth,v2SCDwAAQBAJ,72254,2023/05/04,,to-read,0,1136.0
Atlas of the Heart: Mapping Meaningful Connection and the Language of Human Experience,Brené Brown,saY_EAAAQBAJ,58330567,2023/05/04,,to-read,0,301.0
The Moon Is Down,John Steinbeck,63tEtS7iD7cC,12722,2023/04/28,,to-read,0,144.0
The Death of Ivan Ilych,Leo Tolstoy,TlS1zQEACAAJ,18386,2023/01/14,,to-read,0,86.0
